{
    "train_loss": [
        0.5839097014570658,
        0.5695887186885935,
        0.47805566756071244,
        0.5378222586834325,
        0.47114836958657325,
        0.42423366986017313,
        0.3984104071834446,
        0.36701262023596637,
        0.33616106779174465,
        0.31995150097439773,
        0.2962202281419155,
        0.3077936512047211,
        0.27502208262418226,
        0.270114450921527,
        0.25163538780360095,
        0.2453419447472665,
        0.23104386486574613,
        0.23191204792366618,
        0.21563591293792808,
        0.21414975505487055,
        0.21476782317710133,
        0.20959167090137448,
        0.2118888432077602,
        0.19776638452194434,
        0.1869371123941599,
        0.1828154099330438,
        0.17769841961892305,
        0.1721307389372218,
        0.17233568073901456,
        0.1752487551256091
    ],
    "test_loss": [
        0.7427694614116962,
        0.48541961037195647,
        0.5120102900725144,
        0.6145884257096511,
        0.5099353836132929,
        0.43425850914074826,
        0.3964015864408933,
        0.37712703759853655,
        0.35697771264956546,
        0.3135928763793065,
        0.31996032710258776,
        0.28256728328191316,
        0.2878389897254797,
        0.2661431064972511,
        0.2586718316261585,
        0.307559572160244,
        0.24911292928915757,
        0.23120426271970457,
        0.264617736522968,
        0.31250487153346723,
        0.2220233128621028,
        0.22350939764426306,
        0.2415339700304545,
        0.21418356207700875,
        0.2156047637646015,
        0.2102852354829128,
        0.2083761073075808,
        0.2180542005942418,
        0.19534198309366518,
        0.18685104927191368
    ]
}