{
    "train_loss": [
        0.5832143122643496,
        0.6520314084745087,
        0.6898034209698702,
        0.6898034204423955,
        0.6898034204423955,
        0.6898034204423955,
        0.6898034204423955,
        0.6898034204423955,
        0.6898034204423955,
        0.6898034204423955,
        0.6898034204423955,
        0.6898034204423955,
        0.6898034204423955,
        0.6898034204423955,
        0.6898034204423955,
        0.6898034204423955,
        0.6898034204423955,
        0.6898034204423955,
        0.6898034204423955,
        0.6898034204423955,
        0.6898034204423955,
        0.6898034204423955,
        0.6898034204423955,
        0.6898034204423955,
        0.6898034204423955,
        0.6898034204423955,
        0.6898034204423955,
        0.6898034204423955,
        0.6898034204423955,
        0.6898034204423955
    ],
    "test_loss": [
        0.7377702227005591,
        0.5486935308346381,
        0.6899588429010831,
        0.6899588429010831,
        0.6899588429010831,
        0.6899588429010831,
        0.6899588429010831,
        0.6899588429010831,
        0.6899588429010831,
        0.6899588429010831,
        0.6899588429010831,
        0.6899588429010831,
        0.6899588429010831,
        0.6899588429010831,
        0.6899588429010831,
        0.6899588429010831,
        0.6899588429010831,
        0.6899588429010831,
        0.6899588429010831,
        0.6899588429010831,
        0.6899588429010831,
        0.6899588429010831,
        0.6899588429010831,
        0.6899588429010831,
        0.6899588429010831,
        0.6899588429010831,
        0.6899588429010831,
        0.6899588429010831,
        0.6899588429010831,
        0.6899588429010831
    ]
}