{
    "train_loss": [
        0.5734625622961256,
        0.55697668088807,
        0.5376283858882056,
        0.5645558614201016,
        0.5567763928572337,
        0.5565505684746637,
        0.556998709572686,
        0.5564451679918501,
        0.556492901245753,
        0.5571175338162316,
        0.5567293485005697,
        0.5564553067419264,
        0.5564682908852895,
        0.557029824256897,
        0.5565681603219774,
        0.5571142578125,
        0.5564938939942254,
        0.5561208310392168,
        0.5569055497646331,
        0.5566469767358568,
        0.5572979403866662,
        0.5565355620119307,
        0.5567005185286203,
        0.5569321841663785,
        0.5567439395851559,
        0.5567038861910502,
        0.5564424705505371,
        0.5569902627997928,
        0.5569935736391279,
        0.5564591635598076
    ],
    "test_loss": [
        0.7738841152191163,
        0.554992481470108,
        0.554629647731781,
        0.4147210645675659,
        0.5550668215751648,
        0.5595967268943787,
        0.5574691891670227,
        0.5547681725025178,
        0.555420628786087,
        0.5543460130691529,
        0.5554330229759217,
        0.5550674080848694,
        0.5544020652770996,
        0.5575766861438751,
        0.5545840561389923,
        0.5549797892570496,
        0.5546006691455841,
        0.5537371969223023,
        0.5571246123313904,
        0.5552825558185578,
        0.5555231416225433,
        0.5560609412193298,
        0.5550104451179504,
        0.5552798235416412,
        0.5543365287780762,
        0.5546542620658874,
        0.5551418828964233,
        0.5551010692119598,
        0.5560066676139832,
        0.5544197332859039
    ]
}