{
    "train_loss": [
        0.5326369911168529,
        0.456525463314183,
        0.4068203444501995,
        0.3790482972311763,
        0.37008858228151775,
        0.45071908515111536,
        0.3413779999302552,
        0.39573796555004287,
        0.35990798763469256,
        0.3249417043628946,
        0.3016171644614861,
        0.2964311218367214,
        0.29531163610188305,
        0.2803363985324328,
        0.2712496006119568,
        0.2718175737994962,
        0.2590656043153948,
        0.26081880274335895,
        0.25278883552656767,
        0.2527198075456957,
        0.2434207184520443,
        0.24230524000868334,
        0.23045097001358472,
        0.22448372498022773,
        0.2274463371892946,
        0.21601695560776027,
        0.20947670461857212,
        0.2080323885368035,
        0.1998270028064736,
        0.1986555162058995
    ],
    "test_loss": [
        0.653199186691871,
        0.48617749489270723,
        0.4104015620855185,
        0.38131621136115146,
        0.3596336325773826,
        0.5226895465300634,
        0.37045236963492173,
        0.32785548384373003,
        0.36633915396837086,
        0.37180693676838505,
        0.31031666696071625,
        0.3081705719232559,
        0.304344416810916,
        0.3145247743679927,
        0.2757654545398859,
        0.31085898784490734,
        0.2651043224793214,
        0.2841196805238724,
        0.280007935487307,
        0.24946696827044854,
        0.2576664686203003,
        0.2589585460149325,
        0.2563305760805423,
        0.23998254652206713,
        0.24404543752853686,
        0.2451451993905581,
        0.22999122165716612,
        0.22803140374330375,
        0.22911513482148832,
        0.2248027645624601
    ]
}
