{
    "train_loss": [
        0.5260752322938708,
        0.4509982154104445,
        0.3921800335910585,
        0.3279370656940672,
        0.32585913495885,
        0.2753032956851853,
        0.2575847608182165,
        0.251796512901783,
        0.25896258880694706,
        0.22775500789284706,
        0.2276703247593509,
        0.22154149098528755,
        0.21649232799808185,
        0.21277280396885342,
        0.2025282906823688,
        0.2043437299463484,
        0.18947602679332098,
        0.19272963081796965,
        0.18797708892159992,
        0.1861337950328986,
        0.18303227144810888,
        0.18422166051136124,
        0.17987171312173209,
        0.2148123162322574,
        0.178787552482552,
        0.18586421868867345,
        0.16412750591834385,
        0.16089604137672317,
        0.2032180073360602,
        0.17928996690445476
    ],
    "test_loss": [
        0.7025459408760071,
        0.4441920256614685,
        0.4120273923873901,
        0.36608182191848754,
        0.30120953142642976,
        0.30058989524841306,
        0.32211260914802553,
        0.2560026961565018,
        0.29176284015178683,
        0.2323628094792366,
        0.2521152237057686,
        0.21761545717716216,
        0.22394640505313873,
        0.22417596817016602,
        0.22548239409923554,
        0.23468485951423645,
        0.2041861343383789,
        0.21019100785255432,
        0.20452333241701126,
        0.22521746054291725,
        0.19521389842033388,
        0.2216085797548294,
        0.213815136551857,
        0.24034487187862397,
        0.20549528509378434,
        0.19331775963306427,
        0.2047506430745125,
        0.2190094792842865,
        0.1850772151350975,
        0.29365752726793287
    ]
}