{
    "train_loss": [
        0.57369387228932,
        0.5593180223903825,
        0.5570814235020528,
        0.5567302946495799,
        0.5578689295633704,
        0.557908162606501,
        0.5569478178446272,
        0.5567872964702876,
        0.5564606635443932,
        1.1497038853379478,
        0.6898034204423955,
        0.6898034204423955,
        0.6898034204423955,
        0.6898034204423955,
        0.6898034204423955,
        0.6898034204423955,
        0.6898034204423955,
        0.6898034204423955,
        0.6898034204423955,
        0.6898034204423955,
        0.6898034204423955,
        0.6898034204423955,
        0.6898034204423955,
        0.6898034204423955,
        0.6898034204423955,
        0.6898034204423955,
        0.6898034204423955,
        0.6898034204423955,
        0.6898034204423955,
        0.6898034204423955
    ],
    "test_loss": [
        0.6855877316915072,
        0.5589243907194871,
        0.5575182369122138,
        0.5512169370284448,
        0.555764037829179,
        0.5589279555357419,
        0.55903910444333,
        0.5527040843780224,
        0.5556375567729657,
        0.5622595617404351,
        0.6899588429010831,
        0.6899588429010831,
        0.6899588429010831,
        0.6899588429010831,
        0.6899588429010831,
        0.6899588429010831,
        0.6899588429010831,
        0.6899588429010831,
        0.6899588429010831,
        0.6899588429010831,
        0.6899588429010831,
        0.6899588429010831,
        0.6899588429010831,
        0.6899588429010831,
        0.6899588429010831,
        0.6899588429010831,
        0.6899588429010831,
        0.6899588429010831,
        0.6899588429010831,
        0.6899588429010831
    ]
}