{
    "train_loss": [
        0.572958129644394,
        0.5154948731263479,
        0.488111916648017,
        0.4441402405500412,
        0.4276261132955551,
        0.42413384470674725,
        0.42525437619951034,
        0.4190057104825973,
        0.41387087961037955,
        0.4197259424130122,
        0.41229361077149707,
        0.41038946429888407,
        0.39275715668996175,
        0.38475316358937156,
        0.38045847826533846,
        0.386271297732989,
        0.3736051882637872,
        0.37083736704455483,
        0.37073664996359085,
        0.36665416293674047,
        0.3638579123549991,
        0.3625966774755054,
        0.378099718954828,
        0.3730979593594869,
        0.36368328120973376,
        0.3592475539445877,
        0.36087756991386416,
        0.3519390095604791,
        0.36782597714000276,
        0.35839889936976965
    ],
    "test_loss": [
        0.6852172064781189,
        0.5319336295127869,
        0.4931560051441193,
        0.4379668569564819,
        0.4231539809703827,
        0.4289992618560791,
        0.4167085814476013,
        0.4111333465576172,
        0.411342431306839,
        0.4214958965778351,
        0.4120561957359314,
        0.4041872954368591,
        0.3975407135486603,
        0.3801719260215759,
        0.3760159528255463,
        0.36912399232387544,
        0.3872027838230133,
        0.3832420939207077,
        0.3756679666042328,
        0.3668874633312225,
        0.36048378646373747,
        0.3695593327283859,
        0.3570679610967636,
        0.38231154561042785,
        0.35890908658504483,
        0.3545065206289291,
        0.35272957682609557,
        0.34890864372253416,
        0.3579112303256988,
        0.35404868483543395
    ]
}