{
    "train_loss": [
        0.5626135521230444,
        0.5409892676150905,
        0.4574129892661508,
        0.4080237860964463,
        0.3927386500666627,
        0.3811218010640777,
        0.3717610100201801,
        0.3644146273093941,
        0.3512578759573202,
        0.34528605297075965,
        0.33593304811325747,
        0.32946618138688855,
        0.3304425402816418,
        0.33089089538671274,
        0.3321173470632165,
        0.32288209948919516,
        0.27474871567920245,
        0.23104881706227243,
        0.2228195658036038,
        0.2162334646007656,
        0.20916515173374023,
        0.21908236842239853,
        0.19688376573334754,
        0.1927948363652799,
        0.18607453075526034,
        0.18671086292087505,
        0.1912020341353079,
        0.2093278653590025,
        0.18185374681401043,
        0.17410802775252182
    ],
    "test_loss": [
        0.6744102468857398,
        0.5365099563048437,
        0.5044752749112936,
        0.4375191307984866,
        0.3833882281413445,
        0.38168203142973095,
        0.36294430723557103,
        0.35274927661969113,
        0.35611817011466396,
        0.3447038485453679,
        0.3251266674353526,
        0.343660192993971,
        0.3337056568035713,
        0.3359866818556419,
        0.3529908840472882,
        0.34310667102153486,
        0.337398315851505,
        0.24107010490619218,
        0.23809388279914856,
        0.2396607078038729,
        0.24306942293277153,
        0.23492557956622198,
        0.22657350164193374,
        0.20766659997976744,
        0.22580542014195368,
        0.2012503886452088,
        0.22145124868704721,
        0.19169083925393912,
        0.2091231896327092,
        0.20777845669251221
    ]
}